X,Y,fid,Id,Clave_turn,Turno,Nombre_cen,Tipo_educ,Nivel_educ,RADIO,Serv_educ,Sector,Tipo_sost,Clave_ent,Entidad,Clave_mun,Municipio,Clave_loc,Localidad,Domicilio,Num_ext,Field18,Total_alum,Total_al_1,Total_al_2,Total_docs,Total_do_1,Total_do_2,Aulas_uso,Aulas_exis,Longitud,Latitud,icon_url
-110.311,24.1422,"1","2","4",DISCONTINUO,INSTITUTO INTERDISCIPLINARIO DE CIENCIAS PENALES,CAPACITACI?N,FORMACI?N PARA EL TRABAJO,"2000",FORMACI?N PARA EL TRABAJO,P?BLICO,ESTATAL,"3",BAJA CALIFORNIA SUR,"3",LA PAZ,"1",LA PAZ,CALLE LIC. ANTONIO ALVAREZ RICO,"0","23070","0","0","0","0","0","0","0","0",-110.311,24.1422,./0.png
-111.647459,25.034012,"2","56","4",DISCONTINUO,CENTRO ASISTENCIAL DE DESARROLLO INFANTIL,INICIAL,INICIAL,"4000",LACTANTE Y MATERNAL,P?BLICO,ESTATAL,"3",BAJA CALIFORNIA SUR,"1",COMOND?,"1",CIUDAD CONSTITUCI?N,CALLE 20 DE NOVIEMBRE,"0","23670","0","0","0","0","0","0","0","0",-111.647459,25.034012,
-111.673,25.0344,"3","57","1",MATUTINO,INSTITUTO DE CAPACITACION PARA LOS TRABAJADORES DEL ESTADO DE BAJA CALIFORNIA SUR,CAPACITACI?N,FORMACI?N PARA EL TRABAJO,"2000",FORMACI?N PARA EL TRABAJO,P?BLICO,ESTATAL,"3",BAJA CALIFORNIA SUR,"1",COMOND?,"1",CIUDAD CONSTITUCI?N,CALLE LORETO,"0","23658","0","0","0","0","0","0","0","0",-111.673,25.0344,./0.png
-110.319378,24.109597,"4","61","4",DISCONTINUO,INSTITUTO DE CAPACITACION PARA LOS TRABAJADORES DEL ESTADO DE BAJA CALIFORNIA SUR,CAPACITACI?N,FORMACI?N PARA EL TRABAJO,"2000",FORMACI?N PARA EL TRABAJO,P?BLICO,ESTATAL,"3",BAJA CALIFORNIA SUR,"3",LA PAZ,"1",LA PAZ,AVENIDA DE LOS DEPORTISTAS,"0","23075","0","0","0","0","0","0","0","0",-110.319378,24.109597,./0.png
-110.328171,24.133526,"5","127","4",DISCONTINUO,MODULO 3 LOS PLANES,INICIAL,INICIAL,"4000",INICIAL NO ESCOLARIZADA,P?BLICO,FEDERAL TRANSFERIDO,"3",BAJA CALIFORNIA SUR,"3",LA PAZ,"1",LA PAZ,BOULEVARD LUIS DONALDO COLOSIO MURRIETA,"0","23099","38","41","79","0","8","8","0","0",-110.328171,24.133526,
-109.704853,23.071225,"6","128","4",DISCONTINUO,MODULO 2 SAN JOS DEL CABO CENTRO,INICIAL,INICIAL,"4000",INICIAL NO ESCOLARIZADA,P?BLICO,FEDERAL TRANSFERIDO,"3",BAJA CALIFORNIA SUR,"8",LOS CABOS,"1",SAN JOS DEL CABO,CALLE BAH?A CONCEPCI?N,"0","23407","41","38","79","0","11","11","0","0",-109.704853,23.071225,
-111.681029,25.048611,"7","129","4",DISCONTINUO,MODULO 3 COMOND? NORTE,INICIAL,INICIAL,"4000",INICIAL NO ESCOLARIZADA,P?BLICO,FEDERAL TRANSFERIDO,"3",BAJA CALIFORNIA SUR,"1",COMOND?,"1",CIUDAD CONSTITUCI?N,CALLE CARRETERA FEDERAL BENITO JUAREZ KM 212.5 TRAMO LA PAZ-CD INSURGENTES,"0","23620","35","43","78","0","8","8","0","0",-111.681029,25.048611,
-113.5679,27.568471,"8","158","1",MATUTINO,INICIAL PARA NI¥OS MIGRANTES 14,INICIAL,INICIAL,"4000",LACTANTE Y MATERNAL,P?BLICO,FEDERAL TRANSFERIDO,"3",BAJA CALIFORNIA SUR,"2",MULEG,"67",GUSTAVO D?AZ ORDAZ,CALLE NINGUNO,"0","23935","0","0","0","0","0","0","0","0",-113.5679,27.568471,
-113.374659,27.625444,"9","159","1",MATUTINO,INICIAL PARA NI¥OS MIGRANTES 13,INICIAL,INICIAL,"4000",LACTANTE Y MATERNAL,P?BLICO,FEDERAL TRANSFERIDO,"3",BAJA CALIFORNIA SUR,"2",MULEG,"482",VILLA ALBERTO ANDRS ALVARADO AR?MBURO,CALLE NINGUNO,"0","23935","0","0","0","0","0","0","0","0",-113.374659,27.625444,
-111.663295,25.022491,"10","160","4",DISCONTINUO,CENTRO DE ATENCI?N INFANTIL 5,INICIAL,INICIAL,"4000",LACTANTE Y MATERNAL,P?BLICO,FEDERAL TRANSFERIDO,"3",BAJA CALIFORNIA SUR,"1",COMOND?,"1",CIUDAD CONSTITUCI?N,BOULEVARD HUGO CERVANTES DEL RIO,"0","23690","20","16","36","0","2","2","4","4",-111.663295,25.022491,
-111.663295,25.022491,"11","161","4",DISCONTINUO,CENTRO DE ATENCI?N INFANTIL 5,INICIAL,INICIAL,"4000",LACTANTE Y MATERNAL,P?BLICO,FEDERAL TRANSFERIDO,"3",BAJA CALIFORNIA SUR,"1",COMOND?,"1",CIUDAD CONSTITUCI?N,BOULEVARD HUGO CERVANTES DEL RIO,"0","23690","9","11","20","0","1","1","1","1",-111.663295,25.022491,
-110.334697,24.090072,"12","163","3",NOCTURNO,CENTRO DE EDUCACION EXTRAESCOLAR 20,CAPACITACI?N,FORMACI?N PARA EL TRABAJO,"2000",FORMACI?N PARA EL TRABAJO,P?BLICO,FEDERAL TRANSFERIDO,"3",BAJA CALIFORNIA SUR,"3",LA PAZ,"1",LA PAZ,CALLE BAHIA DE ALMEJAS,"0","0","0","0","0","0","0","0","0","0",-110.334697,24.090072,./0.png
-110.319015,24.135279,"13","165","4",DISCONTINUO,CENTRO DE ATENCI?N INFANTIL 2 MARIA DEL CARMEN ORTEGA MEZA,INICIAL,INICIAL,"4000",LACTANTE Y MATERNAL,P?BLICO,FEDERAL TRANSFERIDO,"3",BAJA CALIFORNIA SUR,"3",LA PAZ,"1",LA PAZ,CALLE ANTONIO ALVAREZ RICO,"0","23079","35","29","64","0","6","6","7","7",-110.319015,24.135279,
-110.319015,24.135279,"14","166","4",DISCONTINUO,CENTRO DE ATENCI?N INFANTIL 2 MARIA DEL CARMEN ORTEGA MEZA,INICIAL,INICIAL,"4000",LACTANTE Y MATERNAL,P?BLICO,FEDERAL TRANSFERIDO,"3",BAJA CALIFORNIA SUR,"3",LA PAZ,"1",LA PAZ,CALLE ANTONIO ALVAREZ RICO,"0","23079","16","15","31","0","2","2","2","2",-110.319015,24.135279,
-110.323891,24.154933,"15","180","4",DISCONTINUO,CENTRO DE DESARROLLO INFANTIL NAVAL DE LA PAZ,INICIAL,INICIAL,"4000",LACTANTE Y MATERNAL,P?BLICO,FEDERAL,"3",BAJA CALIFORNIA SUR,"3",LA PAZ,"1",LA PAZ,CALLE TOPETE,"2415","23000","12","10","22","0","3","3","3","3",-110.323891,24.154933,
-110.323891,24.154933,"16","181","4",DISCONTINUO,CENTRO DE DESARROLLO INFANTIL NAVAL DE LA PAZ,INICIAL,INICIAL,"4000",LACTANTE Y MATERNAL,P?BLICO,FEDERAL,"3",BAJA CALIFORNIA SUR,"3",LA PAZ,"1",LA PAZ,CALLE TOPETE,"2415","23000","4","4","8","0","0","0","3","3",-110.323891,24.154933,
-109.929003,22.900469,"17","185","4",DISCONTINUO,"GUARDERIA CARDON BAJA SUR, S.C.",INICIAL,INICIAL,"4000",LACTANTE Y MATERNAL,P?BLICO,FEDERAL,"3",BAJA CALIFORNIA SUR,"8",LOS CABOS,"54",CABO SAN LUCAS,CALLE CARRETERA A TODOS SANTOS KILOMETRO 3,"0","23410","24","18","42","0","4","4","2","2",-109.929003,22.900469,
-109.929003,22.900469,"18","186","4",DISCONTINUO,"GUARDERIA CARDON BAJA SUR, S.C.",INICIAL,INICIAL,"4000",LACTANTE Y MATERNAL,P?BLICO,FEDERAL,"3",BAJA CALIFORNIA SUR,"8",LOS CABOS,"54",CABO SAN LUCAS,CALLE CARRETERA A TODOS SANTOS KILOMETRO 3,"0","23410","47","54","101","0","2","2","6","6",-109.929003,22.900469,
-110.314934,24.110772,"19","252","4",DISCONTINUO,ESTANCIA DE BIENESTAR Y DESARROLLO INFANTIL NUM. 61,INICIAL,INICIAL,"4000",LACTANTE Y MATERNAL,P?BLICO,FEDERAL,"3",BAJA CALIFORNIA SUR,"3",LA PAZ,"1",LA PAZ,CALLE SIERRA DE LAS VIRGENES,"0","23085","12","24","36","0","1","1","5","5",-110.314934,24.110772,
-110.314934,24.110772,"20","253","4",DISCONTINUO,ESTANCIA DE BIENESTAR Y DESARROLLO INFANTIL NUM. 61,INICIAL,INICIAL,"4000",LACTANTE Y MATERNAL,P?BLICO,FEDERAL,"3",BAJA CALIFORNIA SUR,"3",LA PAZ,"1",LA PAZ,CALLE SIERRA DE LAS VIRGENES,"0","23085","21","38","59","0","3","3","3","3",-110.314934,24.110772,
-113.469762,27.624703,"21","279","1",MATUTINO,INICIAL PARA NI¥OS MIGRANTES 7,INICIAL,INICIAL,"4000",LACTANTE Y MATERNAL,P?BLICO,FEDERAL TRANSFERIDO,"3",BAJA CALIFORNIA SUR,"2",MULEG,"67",GUSTAVO D?AZ ORDAZ,CALLE CAMPO AGRICOLA DON JUANITO,"0","23930","0","0","0","0","0","0","0","0",-113.469762,27.624703,
-113.217884,27.351521,"22","281","1",MATUTINO,INICIAL PARA NI¥OS MIGRANTES 12,INICIAL,INICIAL,"4000",LACTANTE Y MATERNAL,P?BLICO,FEDERAL TRANSFERIDO,"3",BAJA CALIFORNIA SUR,"2",MULEG,"482",VILLA ALBERTO ANDRS ALVARADO AR?MBURO,CALLE NINGUNO,"0","23935","0","0","0","0","0","0","0","0",-113.217884,27.351521,
-109.708072,23.055042,"23","291","1",MATUTINO,CENTRO DE ATENCION MULTIPLE DRA. MARGARITA GOMEZ PALACIO MUNOZ,ESPECIAL,CAM,"2000",U.S.A.E.R.,P?BLICO,FEDERAL TRANSFERIDO,"3",BAJA CALIFORNIA SUR,"8",LOS CABOS,"1",SAN JOS DEL CABO,CALLE MALVARROSA,"0","23440","65","46","111","2","15","17","11","11",-109.708072,23.055042,./1.png
-112.268357,27.341238,"24","300","1",MATUTINO,CENTRO DE ATENCION MULTIPLE NUM. 4,ESPECIAL,CAM,"2000",U.S.A.E.R.,P?BLICO,FEDERAL TRANSFERIDO,"3",BAJA CALIFORNIA SUR,"2",MULEG,"1",SANTA ROSAL?A,BOULEVARD DE LA FUNDICI?N,"0","23920","34","20","54","2","5","7","5","5",-112.268357,27.341238,./1.png
-109.933112,22.892438,"25","309","1",MATUTINO,CENTRO DE ATENCION MULTIPLE PROFR. JUAN PEDRIN CASTILLO,ESPECIAL,CAM,"2000",U.S.A.E.R.,P?BLICO,FEDERAL TRANSFERIDO,"3",BAJA CALIFORNIA SUR,"8",LOS CABOS,"54",CABO SAN LUCAS,CALLE TEOTIHUACANOS,"0","23470","63","41","104","3","13","16","8","8",-109.933112,22.892438,./1.png
-111.78161,25.247393,"26","310","1",MATUTINO,CENTRO DE ATENCI?N M?LTIPLE 3 DE DICIEMBRE,ESPECIAL,CAM,"2000",U.S.A.E.R.,P?BLICO,FEDERAL TRANSFERIDO,"3",BAJA CALIFORNIA SUR,"1",COMOND?,"133",CIUDAD INSURGENTES,CALLE IGNACIO RAM?REZ,"0","23810","28","12","40","2","4","6","2","3",-111.78161,25.247393,./1.png
-111.651325,25.037464,"27","330","1",MATUTINO,CENTRO DE ATENCION MULTIPLE JEAN PIAGET,ESPECIAL,CAM,"2000",U.S.A.E.R.,P?BLICO,FEDERAL TRANSFERIDO,"3",BAJA CALIFORNIA SUR,"1",COMOND?,"1",CIUDAD CONSTITUCI?N,CALLE FRANCISCO I. MADERO,"500","23670","47","37","84","5","8","13","9","9",-111.651325,25.037464,./1.png
-110.328171,24.133526,"28","332","4",DISCONTINUO,VISITAS A LOS HOGARES 08,INICIAL,INICIAL,"4000",INICIAL NO ESCOLARIZADA,P?BLICO,FEDERAL TRANSFERIDO,"3",BAJA CALIFORNIA SUR,"3",LA PAZ,"1",LA PAZ,BOULEVARD LUIS DONALDO COLOSIO MURRIETA,"0","23099","5","10","15","0","1","1","0","0",-110.328171,24.133526,
-110.328171,24.133526,"29","386","4",DISCONTINUO,VISITAS A LOS HOGARES 05,INICIAL,INICIAL,"4000",INICIAL NO ESCOLARIZADA,P?BLICO,FEDERAL TRANSFERIDO,"3",BAJA CALIFORNIA SUR,"3",LA PAZ,"1",LA PAZ,BOULEVARD LUIS DONALDO COLOSIO MURRIETA,"0","23099","11","6","17","0","4","4","0","0",-110.328171,24.133526,
-110.320213,24.134651,"30","450","1",MATUTINO,CENTRO DE ATENCION MULTIPLE NUM. 13,ESPECIAL,CAM,"2000",U.S.A.E.R.,P?BLICO,FEDERAL TRANSFERIDO,"3",BAJA CALIFORNIA SUR,"3",LA PAZ,"1",LA PAZ,CALLE COLIMA,"0","23079","39","17","56","4","10","14","2","2",-110.320213,24.134651,./1.png
-111.682872,25.048435,"31","482","1",MATUTINO,VISITAS A LOS HOGARES 09,INICIAL,INICIAL,"4000",INICIAL NO ESCOLARIZADA,P?BLICO,FEDERAL TRANSFERIDO,"3",BAJA CALIFORNIA SUR,"1",COMOND?,"1",CIUDAD CONSTITUCI?N,CALLE NINGUNO,"0","0","6","10","16","0","1","1","0","0",-111.682872,25.048435,
-114.053021,27.971833,"32","486","1",MATUTINO,VISITAS A LOS HOGARES 15,INICIAL,INICIAL,"4000",INICIAL NO ESCOLARIZADA,P?BLICO,FEDERAL TRANSFERIDO,"3",BAJA CALIFORNIA SUR,"2",MULEG,"66",GUERRERO NEGRO,PROLONGACI?N ARREOLA ENTRE CALAMAR,"0","23940","5","10","15","0","1","1","0","0",-114.053021,27.971833,
-111.349288,26.011425,"33","494","1",MATUTINO,VISITAS A LOS HOGARES 14,INICIAL,INICIAL,"4000",INICIAL NO ESCOLARIZADA,P?BLICO,FEDERAL TRANSFERIDO,"3",BAJA CALIFORNIA SUR,"9",LORETO,"1",LORETO,CALLE AYUNTAMIENTO,"0","23880","10","5","15","0","1","1","0","0",-111.349288,26.011425,
-109.708072,23.055042,"34","496","2",VESPERTINO,CENTRO DE ATENCI?N MULTIPLE DRA. MARGARITA G?MEZ PALACIO MU¥OZ,ESPECIAL,CAM,"2000",U.S.A.E.R.,P?BLICO,FEDERAL TRANSFERIDO,"3",BAJA CALIFORNIA SUR,"8",LOS CABOS,"1",SAN JOS DEL CABO,CALLE MALVARROSA,"0","23440","64","24","88","2","9","11","8","13",-109.708072,23.055042,./1.png
-110.293785,24.163479,"35","503","4",DISCONTINUO,CENTRO DE ATENCION INFANTIL,INICIAL,INICIAL,"4000",LACTANTE Y MATERNAL,P?BLICO,ESTATAL,"3",BAJA CALIFORNIA SUR,"3",LA PAZ,"1",LA PAZ,CALLE FRANCISCO KING RONDERO,"0","23010","0","0","0","0","0","0","0","0",-110.293785,24.163479,
-111.682872,25.048435,"36","535","1",MATUTINO,VISITAS A LOS HOGARES 10,INICIAL,INICIAL,"4000",INICIAL NO ESCOLARIZADA,P?BLICO,FEDERAL TRANSFERIDO,"3",BAJA CALIFORNIA SUR,"1",COMOND?,"1",CIUDAD CONSTITUCI?N,CALLE NINGUNO,"0","0","7","7","14","0","1","1","0","0",-111.682872,25.048435,
-110.313005,24.057349,"37","540","3",NOCTURNO,CENTRO DE EDUCACION EXTRAESCOLAR 19,CAPACITACI?N,FORMACI?N PARA EL TRABAJO,"2000",FORMACI?N PARA EL TRABAJO,P?BLICO,FEDERAL TRANSFERIDO,"3",BAJA CALIFORNIA SUR,"3",LA PAZ,"1",LA PAZ,CALLE NINGUNO,"0","23089","0","0","0","0","0","0","0","0",-110.313005,24.057349,./0.png
-109.925,22.897,"38","550","1",MATUTINO,INSTITUTO DE CAPACITACION PARA LOS TRABAJADORES DEL ESTADO DE BAJA CALIFORNIA SUR,CAPACITACI?N,FORMACI?N PARA EL TRABAJO,"2000",FORMACI?N PARA EL TRABAJO,P?BLICO,ESTATAL,"3",BAJA CALIFORNIA SUR,"8",LOS CABOS,"54",CABO SAN LUCAS,CALLE ROBALO,"0","0","0","0","0","0","0","0","0","0",-109.925,22.897,./0.png
-109.695,23.0616,"39","585","4",DISCONTINUO,ESCUELA MUNICIPAL DE MUSICA CONCEPCION OLACHEA MONTEJANO,OTROS,OTRO NIVEL EDUCATIVO,"2000",ART?STICA,P?BLICO,ESTATAL,"3",BAJA CALIFORNIA SUR,"8",LOS CABOS,"1",SAN JOS DEL CABO,PROLONGACI?N BARLOVENTO,"0","23407","0","0","0","0","0","0","0","0",-109.695,23.0616,./2.png
-114.044109,27.969265,"40","593","4",DISCONTINUO,CADI DR. LUIS ANDRES LAGARDE BRAVO,INICIAL,INICIAL,"4000",LACTANTE Y MATERNAL,P?BLICO,ESTATAL,"3",BAJA CALIFORNIA SUR,"2",MULEG,"66",GUERRERO NEGRO,CALLE DOMINGO CARBALLO FELIX,"0","23940","3","2","5","0","0","0","3","3",-114.044109,27.969265,
-114.044109,27.969265,"41","594","4",DISCONTINUO,CADI DR. LUIS ANDRES LAGARDE BRAVO,INICIAL,INICIAL,"4000",LACTANTE Y MATERNAL,P?BLICO,ESTATAL,"3",BAJA CALIFORNIA SUR,"2",MULEG,"66",GUERRERO NEGRO,CALLE DOMINGO CARBALLO FELIX,"0","23940","20","17","37","0","0","0","3","3",-114.044109,27.969265,
-109.704853,23.071225,"42","610","4",DISCONTINUO,MODULO 1 SAN JOS DEL CABO,INICIAL,INICIAL,"4000",INICIAL NO ESCOLARIZADA,P?BLICO,FEDERAL TRANSFERIDO,"3",BAJA CALIFORNIA SUR,"8",LOS CABOS,"1",SAN JOS DEL CABO,CALLE BAH?A CONCEPCI?N,"0","23407","51","40","91","0","11","11","0","0",-109.704853,23.071225,
-112.268181,27.339036,"43","614","4",DISCONTINUO,MODULO 3 SANTA ROSAL?A CENTRO,INICIAL,INICIAL,"4000",INICIAL NO ESCOLARIZADA,P?BLICO,FEDERAL TRANSFERIDO,"3",BAJA CALIFORNIA SUR,"2",MULEG,"1",SANTA ROSAL?A,CALLE JEAN MICHELLE COSTEAU,"0","23920","34","35","69","0","10","10","0","0",-112.268181,27.339036,
-111.632356,24.927563,"44","615","4",DISCONTINUO,MODULO 1 VILLA MORELOS,INICIAL,INICIAL,"4000",INICIAL NO ESCOLARIZADA,P?BLICO,FEDERAL TRANSFERIDO,"3",BAJA CALIFORNIA SUR,"1",COMOND?,"380",VILLA MORELOS,CALLE SIN NOMBRE,"0","23770","44","54","98","0","11","11","0","0",-111.632356,24.927563,
-112.268181,27.339036,"45","641","4",DISCONTINUO,MODULO 1 SANTA ROSAL?A NORTE,INICIAL,INICIAL,"4000",INICIAL NO ESCOLARIZADA,P?BLICO,FEDERAL TRANSFERIDO,"3",BAJA CALIFORNIA SUR,"2",MULEG,"1",SANTA ROSAL?A,CALLE JEAN MICHELLE COSTEAU,"0","23920","46","31","77","0","10","10","0","0",-112.268181,27.339036,
-110.328171,24.133526,"46","645","4",DISCONTINUO,MODULO 1 LA PAZ CENTRO,INICIAL,INICIAL,"4000",INICIAL NO ESCOLARIZADA,P?BLICO,FEDERAL TRANSFERIDO,"3",BAJA CALIFORNIA SUR,"3",LA PAZ,"1",LA PAZ,BOULEVARD LUIS DONALDO COLOSIO MURRIETA,"0","23099","58","65","123","0","12","12","0","0",-110.328171,24.133526,
-113.329205,27.326082,"47","681","1",MATUTINO,INICIAL PARA NI¥OS MIGRANTES 2,INICIAL,INICIAL,"4000",LACTANTE Y MATERNAL,P?BLICO,FEDERAL TRANSFERIDO,"3",BAJA CALIFORNIA SUR,"2",MULEG,"67",GUSTAVO D?AZ ORDAZ,CALLE NINGUNO,"0","23935","0","0","0","0","0","0","0","0",-113.329205,27.326082,
-111.349288,26.011425,"48","695","4",DISCONTINUO,MODULO 1 LORETO,INICIAL,INICIAL,"4000",INICIAL NO ESCOLARIZADA,P?BLICO,FEDERAL TRANSFERIDO,"3",BAJA CALIFORNIA SUR,"9",LORETO,"1",LORETO,CALLE AYUNTAMIENTO,"0","23880","38","36","74","0","8","8","0","0",-111.349288,26.011425,
-110.328171,24.133526,"49","723","4",DISCONTINUO,MODULO 2 TODOS SANTOS,INICIAL,INICIAL,"4000",INICIAL NO ESCOLARIZADA,P?BLICO,FEDERAL TRANSFERIDO,"3",BAJA CALIFORNIA SUR,"3",LA PAZ,"1",LA PAZ,BOULEVARD LUIS DONALDO COLOSIO MURRIETA,"0","23099","37","31","68","0","9","9","0","0",-110.328171,24.133526,
-109.726782,23.075969,"50","733","4",DISCONTINUO,MODULO 4 MIRAFLORES,INICIAL,INICIAL,"4000",INICIAL NO ESCOLARIZADA,P?BLICO,FEDERAL TRANSFERIDO,"3",BAJA CALIFORNIA SUR,"8",LOS CABOS,"875",EL RANCHITO,NINGUNO NINGUNO,"0","23520","34","33","67","0","9","9","0","0",-109.726782,23.075969,
-110.328171,24.133526,"51","734","4",DISCONTINUO,VISITAS A LOS HOGARES 04,INICIAL,INICIAL,"4000",INICIAL NO ESCOLARIZADA,P?BLICO,FEDERAL TRANSFERIDO,"3",BAJA CALIFORNIA SUR,"3",LA PAZ,"1",LA PAZ,BOULEVARD LUIS DONALDO COLOSIO MURRIETA,"0","23099","7","8","15","0","15","15","0","0",-110.328171,24.133526,
-110.311,24.1422,"52","739","2",VESPERTINO,ESCUELA DE MUSICA DE LA PAZ,OTROS,OTRO NIVEL EDUCATIVO,"2000",ART?STICA,P?BLICO,FEDERAL,"3",BAJA CALIFORNIA SUR,"3",LA PAZ,"1",LA PAZ,CALLE NI¥OS HEROES,"0","0","0","0","0","0","0","0","0","0",-110.311,24.1422,./2.png
-110.311,24.1422,"53","740","1",MATUTINO,ESCUELA DE MUSICA DE LA PAZ,OTROS,OTRO NIVEL EDUCATIVO,"2000",ART?STICA,P?BLICO,FEDERAL,"3",BAJA CALIFORNIA SUR,"3",LA PAZ,"1",LA PAZ,CALLE NI¥OS HEROES,"0","0","0","0","0","0","0","0","0","0",-110.311,24.1422,./2.png
-112.270589,27.334646,"54","743","4",DISCONTINUO,CENTRO ASISTENCIAL DE DESARROLLO INFANTIL SANTA ROSALIA,INICIAL,INICIAL,"4000",LACTANTE Y MATERNAL,P?BLICO,ESTATAL,"3",BAJA CALIFORNIA SUR,"2",MULEG,"1",SANTA ROSAL?A,CALLE VICENTE GUERRERO,"0","23920","20","25","45","0","0","0","1","1",-112.270589,27.334646,
-112.270589,27.334646,"55","744","4",DISCONTINUO,CENTRO ASISTENCIAL DE DESARROLLO INFANTIL SANTA ROSALIA,INICIAL,INICIAL,"4000",LACTANTE Y MATERNAL,P?BLICO,ESTATAL,"3",BAJA CALIFORNIA SUR,"2",MULEG,"1",SANTA ROSAL?A,CALLE VICENTE GUERRERO,"0","23920","8","7","15","0","1","1","4","4",-112.270589,27.334646,
-113.381504,27.637259,"56","746","1",MATUTINO,INICIAL PARA NI¥OS MIGRANTES 6,INICIAL,INICIAL,"4000",LACTANTE Y MATERNAL,P?BLICO,FEDERAL TRANSFERIDO,"3",BAJA CALIFORNIA SUR,"2",MULEG,"482",VILLA ALBERTO ANDRS ALVARADO AR?MBURO,CALLE NINGUNO,"0","23935","0","0","0","0","0","0","0","0",-113.381504,27.637259,
-110.328171,24.133526,"57","749","4",DISCONTINUO,MODULO 1 LA PAZ,INICIAL,INICIAL,"4000",INICIAL NO ESCOLARIZADA,P?BLICO,ESTATAL,"3",BAJA CALIFORNIA SUR,"3",LA PAZ,"1",LA PAZ,BOULEVARD LUIS DONALDO COLOSIO MURRIETA,"0","23099","34","38","72","0","8","8","0","0",-110.328171,24.133526,
-110.328171,24.133526,"58","750","4",DISCONTINUO,CENTRO DE CAPACITACION PARA EL TRABAJO INDUSTRIAL NUM. 39,CAPACITACI?N,FORMACI?N PARA EL TRABAJO,"2000",FORMACI?N PARA EL TRABAJO,P?BLICO,FEDERAL,"3",BAJA CALIFORNIA SUR,"3",LA PAZ,"1",LA PAZ,BOULEVARD LUIS DONALDO COLOSIO MURRIETA,"0","23099","0","0","0","0","0","0","0","0",-110.328171,24.133526,./0.png
-110.328171,24.133526,"59","755","4",DISCONTINUO,MODULO 2 LA PAZ SUR,INICIAL,INICIAL,"4000",INICIAL NO ESCOLARIZADA,P?BLICO,FEDERAL TRANSFERIDO,"3",BAJA CALIFORNIA SUR,"3",LA PAZ,"1",LA PAZ,BOULEVARD LUIS DONALDO COLOSIO MURRIETA,"0","23099","61","53","114","0","9","9","0","0",-110.328171,24.133526,
-114.052382,27.96954,"60","768","1",MATUTINO,CENTRO DE ATENCION MULTIPLE NUM. 6,ESPECIAL,CAM,"2000",U.S.A.E.R.,P?BLICO,FEDERAL TRANSFERIDO,"3",BAJA CALIFORNIA SUR,"2",MULEG,"66",GUERRERO NEGRO,CALLE MANUEL F. MONTOYA,"0","23940","28","19","47","2","6","8","5","5",-114.052382,27.96954,./1.png
-110.377892,24.051031,"61","769","1",MATUTINO,INICIAL PARA NI¥OS MIGRANTES 4,INICIAL,INICIAL,"4000",LACTANTE Y MATERNAL,P?BLICO,FEDERAL TRANSFERIDO,"3",BAJA CALIFORNIA SUR,"3",LA PAZ,"1425",AGROEXPORTADORA DEL NOROESTE,CALLE CONOCIDO CAMPO AGRICOLA EL CARDONAL,"0","23965","0","0","0","0","0","0","0","0",-110.377892,24.051031,
-110.311,24.1422,"62","772","4",DISCONTINUO,CENTRO ASISTENCIAL DE DESARROLLO INFANTIL LOMA LINDA,INICIAL,INICIAL,"4000",LACTANTE Y MATERNAL,P?BLICO,ESTATAL,"3",BAJA CALIFORNIA SUR,"3",LA PAZ,"1",LA PAZ,CALLE JAIME BRAVO,"0","23030","9","4","13","0","0","0","3","3",-110.311,24.1422,
-111.682872,25.048435,"63","807","1",MATUTINO,VISITAS A LOS HOGARES 11,INICIAL,INICIAL,"4000",INICIAL NO ESCOLARIZADA,P?BLICO,FEDERAL TRANSFERIDO,"3",BAJA CALIFORNIA SUR,"1",COMOND?,"1",CIUDAD CONSTITUCI?N,CALLE NINGUNO,"0","0","9","4","13","0","1","1","0","0",-111.682872,25.048435,
-110.319523,24.134706,"64","809","4",DISCONTINUO,CENTRO DE ATENCI?N INFANTIL 1 JESUS CASTRO AGUNDEZ,INICIAL,INICIAL,"4000",LACTANTE Y MATERNAL,P?BLICO,FEDERAL TRANSFERIDO,"3",BAJA CALIFORNIA SUR,"3",LA PAZ,"1",LA PAZ,CALLE COLIMA,"0","23079","15","17","32","0","2","2","2","2",-110.319523,24.134706,
-110.319523,24.134706,"65","810","4",DISCONTINUO,CENTRO DE ATENCI?N INFANTIL 1 JESUS CASTRO AGUNDEZ,INICIAL,INICIAL,"4000",LACTANTE Y MATERNAL,P?BLICO,FEDERAL TRANSFERIDO,"3",BAJA CALIFORNIA SUR,"3",LA PAZ,"1",LA PAZ,CALLE COLIMA,"0","23079","10","7","17","0","6","6","7","7",-110.319523,24.134706,
-110.315165,24.147029,"66","817","4",DISCONTINUO,"ESTANCIA INFANTIL DIF DE SUDCALIFORNIA, A.C.",INICIAL,INICIAL,"4000",LACTANTE Y MATERNAL,P?BLICO,FEDERAL,"3",BAJA CALIFORNIA SUR,"3",LA PAZ,"1",LA PAZ,CALLE JOSEFA ORTIZ DE DOM?NGUEZ,"965","23000","54","43","97","0","0","0","5","5",-110.315165,24.147029,
-110.314545,24.114683,"67","852","4",DISCONTINUO,ESTANCIA DE DESARROLLO INTEGRAL INFANTIL LUZ DAVIS DE MENDOZA,INICIAL,INICIAL,"4000",LACTANTE Y MATERNAL,P?BLICO,ESTATAL,"3",BAJA CALIFORNIA SUR,"3",LA PAZ,"1",LA PAZ,CALLE SIERRA DE LA VICTORIA,"0","23085","10","20","30","0","0","0","4","4",-110.314545,24.114683,
-110.328171,24.133526,"68","853","4",DISCONTINUO,VISITAS A LOS HOGARES 07,INICIAL,INICIAL,"4000",INICIAL NO ESCOLARIZADA,P?BLICO,FEDERAL TRANSFERIDO,"3",BAJA CALIFORNIA SUR,"3",LA PAZ,"1",LA PAZ,BOULEVARD LUIS DONALDO COLOSIO MURRIETA,"0","23099","8","8","16","0","16","16","0","0",-110.328171,24.133526,
-110.328171,24.133526,"69","865","4",DISCONTINUO,VISITAS A LOS HOGARES 02,INICIAL,INICIAL,"4000",INICIAL NO ESCOLARIZADA,P?BLICO,FEDERAL TRANSFERIDO,"3",BAJA CALIFORNIA SUR,"3",LA PAZ,"1",LA PAZ,BOULEVARD LUIS DONALDO COLOSIO MURRIETA,"0","23099","6","7","13","0","1","1","0","0",-110.328171,24.133526,
-109.696335,23.054972,"70","892","4",DISCONTINUO,CENTRO DE ATENCI?N INFANTIL 3 CARMEN VERDUGO PEDRIN,INICIAL,INICIAL,"4000",LACTANTE Y MATERNAL,P?BLICO,FEDERAL TRANSFERIDO,"3",BAJA CALIFORNIA SUR,"8",LOS CABOS,"1",SAN JOS DEL CABO,CALLE VALERIO GONZ?LEZ CANSECO,"0","23406","17","20","37","0","5","5","6","6",-109.696335,23.054972,
-109.696335,23.054972,"71","893","4",DISCONTINUO,CENTRO DE ATENCI?N INFANTIL 3 CARMEN VERDUGO PEDRIN,INICIAL,INICIAL,"4000",LACTANTE Y MATERNAL,P?BLICO,FEDERAL TRANSFERIDO,"3",BAJA CALIFORNIA SUR,"8",LOS CABOS,"1",SAN JOS DEL CABO,CALLE VALERIO GONZ?LEZ CANSECO,"0","23406","10","12","22","0","1","1","1","1",-109.696335,23.054972,
-110.31852,24.070043,"72","908","3",NOCTURNO,CENTRO DE EDUCACION EXTRAESCOLAR 21,CAPACITACI?N,FORMACI?N PARA EL TRABAJO,"2000",FORMACI?N PARA EL TRABAJO,P?BLICO,FEDERAL TRANSFERIDO,"3",BAJA CALIFORNIA SUR,"3",LA PAZ,"1",LA PAZ,CALLE ZABILA,"0","23089","0","0","0","0","0","0","0","0",-110.31852,24.070043,./0.png
-110.230968,23.451671,"73","920","1",MATUTINO,CENTRO DE ATENCION MULTIPLE NUM. 10,ESPECIAL,CAM,"2000",U.S.A.E.R.,P?BLICO,FEDERAL TRANSFERIDO,"3",BAJA CALIFORNIA SUR,"3",LA PAZ,"3",TODOS SANTOS,NINGUNO NINGUNO,"0","0","10","11","21","2","3","5","4","4",-110.230968,23.451671,./1.png
-110.334213,24.129947,"74","921","4",DISCONTINUO,ESTANCIA DE BIENESTAR Y DESARROLLO INFANTIL NUM. 110,INICIAL,INICIAL,"4000",LACTANTE Y MATERNAL,P?BLICO,FEDERAL,"3",BAJA CALIFORNIA SUR,"3",LA PAZ,"1",LA PAZ,CALLE TONATIU,"513","23090","80","65","145","0","6","6","6","6",-110.334213,24.129947,
-110.334213,24.129947,"75","922","4",DISCONTINUO,ESTANCIA DE BIENESTAR Y DESARROLLO INFANTIL NUM. 110,INICIAL,INICIAL,"4000",LACTANTE Y MATERNAL,P?BLICO,FEDERAL,"3",BAJA CALIFORNIA SUR,"3",LA PAZ,"1",LA PAZ,CALLE TONATIU,"513","23090","43","44","87","0","2","2","7","7",-110.334213,24.129947,
-109.69391,23.05615,"76","926","4",DISCONTINUO,CENTRO DE CAPACITACION PARA EL TRABAJO INDUSTRIAL NUM. 106,CAPACITACI?N,FORMACI?N PARA EL TRABAJO,"2000",FORMACI?N PARA EL TRABAJO,P?BLICO,FEDERAL,"3",BAJA CALIFORNIA SUR,"8",LOS CABOS,"1",SAN JOS DEL CABO,CALLE ANTONIO MIJARES,"0","0","0","0","0","0","0","0","0","0",-109.69391,23.05615,./0.png
-114.026062,27.974975,"77","931","4",DISCONTINUO,MODULO 3 GUERRERO NEGRO,INICIAL,INICIAL,"4000",INICIAL NO ESCOLARIZADA,P?BLICO,FEDERAL TRANSFERIDO,"3",BAJA CALIFORNIA SUR,"2",MULEG,"66",GUERRERO NEGRO,CALLE SEBASTI?N VIZCA?NO,"0","23940","43","38","81","0","10","10","0","0",-114.026062,27.974975,
-110.307295,24.170664,"78","939","4",DISCONTINUO,CENTRO DEL SEGURO SOCIAL,CAPACITACI?N,FORMACI?N PARA EL TRABAJO,"2000",FORMACI?N PARA EL TRABAJO,P?BLICO,FEDERAL,"3",BAJA CALIFORNIA SUR,"3",LA PAZ,"1",LA PAZ,CALLE PASEO ?LVARO OBREG?N,"315","23020","0","0","0","0","0","0","0","0",-110.307295,24.170664,./0.png
-111.682872,25.048435,"79","949","1",MATUTINO,VISITAS A LOS HOGARES 12,INICIAL,INICIAL,"4000",INICIAL NO ESCOLARIZADA,P?BLICO,FEDERAL TRANSFERIDO,"3",BAJA CALIFORNIA SUR,"1",COMOND?,"1",CIUDAD CONSTITUCI?N,CALLE NINGUNO,"0","0","7","10","17","0","15","15","0","0",-111.682872,25.048435,
-111.349132,26.010643,"80","956","4",DISCONTINUO,MODULO 2 LORETO,INICIAL,INICIAL,"4000",INICIAL NO ESCOLARIZADA,P?BLICO,FEDERAL TRANSFERIDO,"3",BAJA CALIFORNIA SUR,"9",LORETO,"1",LORETO,CALLE AYUNTAMIENTO,"0","23880","29","42","71","2","69","71","0","0",-111.349132,26.010643,
-109.704853,23.071225,"81","964","4",DISCONTINUO,VISITAS A LOS HOGARES 01,INICIAL,INICIAL,"4000",INICIAL NO ESCOLARIZADA,P?BLICO,FEDERAL TRANSFERIDO,"3",BAJA CALIFORNIA SUR,"8",LOS CABOS,"1",SAN JOS DEL CABO,CALLE BAH?A CONCEPCI?N,"0","23407","8","8","16","0","1","1","0","0",-109.704853,23.071225,
-112.268181,27.339036,"82","970","4",DISCONTINUO,MODULO 1 VIZCA?NO,INICIAL,INICIAL,"4000",INICIAL NO ESCOLARIZADA,P?BLICO,FEDERAL TRANSFERIDO,"3",BAJA CALIFORNIA SUR,"2",MULEG,"1",SANTA ROSAL?A,CALLE JEAN MICHELLE COSTEAU,"0","23920","55","57","112","0","11","11","0","0",-112.268181,27.339036,
-110.2969,24.11094,"83","976","1",MATUTINO,CENTRO DE ATENCION INFANTIL CARDONAL,INICIAL,INICIAL,"4000",LACTANTE Y MATERNAL,P?BLICO,ESTATAL,"3",BAJA CALIFORNIA SUR,"3",LA PAZ,"1",LA PAZ,CALLE CIRUELO,"0","23080","0","0","0","0","0","0","0","0",-110.2969,24.11094,
-113.418822,27.644413,"84","981","1",MATUTINO,INICIAL PARA NI¥OS MIGRANTES 8,INICIAL,INICIAL,"4000",LACTANTE Y MATERNAL,P?BLICO,FEDERAL TRANSFERIDO,"3",BAJA CALIFORNIA SUR,"2",MULEG,"67",GUSTAVO D?AZ ORDAZ,CALLE NINGUNO,"0","23935","0","0","0","0","0","0","0","0",-113.418822,27.644413,
-113.453405,27.619479,"85","983","1",MATUTINO,INICIAL PARA NI¥OS MIGRANTES 9,INICIAL,INICIAL,"4000",LACTANTE Y MATERNAL,P?BLICO,FEDERAL TRANSFERIDO,"3",BAJA CALIFORNIA SUR,"2",MULEG,"67",GUSTAVO D?AZ ORDAZ,CALLE RANCHO EL PILOTO,"0","23935","0","0","0","0","0","0","0","0",-113.453405,27.619479,
-111.664594,25.034708,"86","987","4",DISCONTINUO,ESTANCIA MATERNO INFANTIL VILLA DEL CORTEZ,INICIAL,INICIAL,"4000",LACTANTE Y MATERNAL,P?BLICO,FEDERAL,"3",BAJA CALIFORNIA SUR,"1",COMOND?,"1",CIUDAD CONSTITUCI?N,CALLE IGNACIO ALLENDE,"0","23670","19","7","26","0","1","1","3","3",-111.664594,25.034708,
-111.664594,25.034708,"87","988","4",DISCONTINUO,ESTANCIA MATERNO INFANTIL VILLA DEL CORTEZ,INICIAL,INICIAL,"4000",LACTANTE Y MATERNAL,P?BLICO,FEDERAL,"3",BAJA CALIFORNIA SUR,"1",COMOND?,"1",CIUDAD CONSTITUCI?N,CALLE IGNACIO ALLENDE,"0","23670","51","36","87","0","0","0","7","7",-111.664594,25.034708,
-113.373931,27.635131,"88","997","1",MATUTINO,CENTRO DE ATENCION MULTIPLE 15,ESPECIAL,CAM,"2000",U.S.A.E.R.,P?BLICO,FEDERAL TRANSFERIDO,"3",BAJA CALIFORNIA SUR,"2",MULEG,"482",VILLA ALBERTO ANDRS ALVARADO AR?MBURO,CALLE BLVD. MARIA REBECA DAVALOS ZU¥IGA,"0","0","34","13","47","1","5","6","4","4",-113.373931,27.635131,./1.png
-111.355579,26.006808,"89","1021","1",MATUTINO,CENTRO DE ATENCION MULTIPLE MERCEDES DAVIS PERPULI,ESPECIAL,CAM,"2000",U.S.A.E.R.,P?BLICO,FEDERAL TRANSFERIDO,"3",BAJA CALIFORNIA SUR,"9",LORETO,"1",LORETO,CALLE LAIMONES,"0","23880","39","23","62","2","7","9","8","8",-111.355579,26.006808,./1.png
-110.312374,24.113887,"90","1023","2",VESPERTINO,CENTRO DE ATENCION MULTIPLE JOSE GILBERTO VEGA MARTINEZ,ESPECIAL,CAM,"2000",U.S.A.E.R.,P?BLICO,FEDERAL TRANSFERIDO,"3",BAJA CALIFORNIA SUR,"3",LA PAZ,"1",LA PAZ,CALLE CONSTITUYENTES DE 1975,"0","0","11","9","20","2","2","4","3","6",-110.312374,24.113887,./1.png
-110.328171,24.133526,"91","1052","4",DISCONTINUO,VISITAS A LOS HOGARES 06,INICIAL,INICIAL,"4000",INICIAL NO ESCOLARIZADA,P?BLICO,FEDERAL TRANSFERIDO,"3",BAJA CALIFORNIA SUR,"3",LA PAZ,"1",LA PAZ,BOULEVARD LUIS DONALDO COLOSIO MURRIETA,"0","23099","6","8","14","0","14","14","0","0",-110.328171,24.133526,
-109.916267,22.892213,"92","1096","4",DISCONTINUO,CENTRO ASISTENCIAL DE DESARROLLO INFANTIL,INICIAL,INICIAL,"4000",LACTANTE Y MATERNAL,P?BLICO,ESTATAL,"3",BAJA CALIFORNIA SUR,"8",LOS CABOS,"54",CABO SAN LUCAS,CALLE IGNACIO ZARAGOZA,"0","23450","8","17","25","0","0","0","7","7",-109.916267,22.892213,
-112.268181,27.339036,"93","1112","4",DISCONTINUO,MODULO 2 SANTA ROSAL?A SUR,INICIAL,INICIAL,"4000",INICIAL NO ESCOLARIZADA,P?BLICO,FEDERAL TRANSFERIDO,"3",BAJA CALIFORNIA SUR,"2",MULEG,"1",SANTA ROSAL?A,CALLE JEAN MICHELLE COSTEAU,"0","23920","48","50","98","0","10","10","0","0",-112.268181,27.339036,
-110.309686,24.146944,"94","1137","4",DISCONTINUO,LA PAZ 001,INICIAL,INICIAL,"4000",LACTANTE Y MATERNAL,P?BLICO,FEDERAL,"3",BAJA CALIFORNIA SUR,"3",LA PAZ,"1",LA PAZ,CALLE NORMAL URBANA,"1397","23000","18","15","33","0","0","0","6","6",-110.309686,24.146944,
-110.309686,24.146944,"95","1138","4",DISCONTINUO,LA PAZ 001,INICIAL,INICIAL,"4000",LACTANTE Y MATERNAL,P?BLICO,FEDERAL,"3",BAJA CALIFORNIA SUR,"3",LA PAZ,"1",LA PAZ,CALLE NORMAL URBANA,"1397","23000","5","5","10","0","1","1","2","2",-110.309686,24.146944,
-110.309468,24.124204,"96","1139","4",DISCONTINUO,"ESTANCIA INFANTIL LA CASITA DE COLORES, S.C.",INICIAL,INICIAL,"4000",LACTANTE Y MATERNAL,P?BLICO,FEDERAL,"3",BAJA CALIFORNIA SUR,"3",LA PAZ,"1",LA PAZ,CALLE CABO SAN LUCAS,"303","23050","51","42","93","0","1","1","7","7",-110.309468,24.124204,
-111.681029,25.048611,"97","1143","4",DISCONTINUO,MODULO 1 COMOND? CENTRO,INICIAL,INICIAL,"4000",INICIAL NO ESCOLARIZADA,P?BLICO,FEDERAL TRANSFERIDO,"3",BAJA CALIFORNIA SUR,"1",COMOND?,"1",CIUDAD CONSTITUCI?N,CALLE CARRETERA FEDERAL BENITO JUAREZ KM 212.5 TRAMO LA PAZ-CD INSURGENTES,"0","23620","17","24","41","0","11","11","0","0",-111.681029,25.048611,
-110.310977,24.151579,"98","1197","4",DISCONTINUO,"ESTANCIA INFANTIL EL REYNO DEL NI¥O, A.C.",INICIAL,INICIAL,"4000",LACTANTE Y MATERNAL,P?BLICO,FEDERAL,"3",BAJA CALIFORNIA SUR,"3",LA PAZ,"1",LA PAZ,CALLE ANTONIO ROSALES,"0","23000","0","0","0","0","0","0","0","0",-110.310977,24.151579,
-110.320213,24.134651,"99","1252","2",VESPERTINO,CENTRO DE ATENCION MULTIPLE DR. ROBERTO SOLIS QUIROGA,ESPECIAL,CAM,"2000",U.S.A.E.R.,P?BLICO,FEDERAL TRANSFERIDO,"3",BAJA CALIFORNIA SUR,"3",LA PAZ,"1",LA PAZ,CALLE COLIMA,"0","23079","67","26","93","1","11","12","12","17",-110.320213,24.134651,./1.png
-111.682872,25.048435,"100","1276","1",MATUTINO,VISITAS A LOS HOGARES 13,INICIAL,INICIAL,"4000",INICIAL NO ESCOLARIZADA,P?BLICO,FEDERAL TRANSFERIDO,"3",BAJA CALIFORNIA SUR,"1",COMOND?,"1",CIUDAD CONSTITUCI?N,CALLE NINGUNO,"0","0","8","7","15","0","1","1","0","0",-111.682872,25.048435,
-109.931338,22.909485,"101","1304","4",DISCONTINUO,CENTRO DE ATENCI?N INFANTIL 4 ROSAURA ZAPATA CANO,INICIAL,INICIAL,"4000",LACTANTE Y MATERNAL,P?BLICO,FEDERAL TRANSFERIDO,"3",BAJA CALIFORNIA SUR,"8",LOS CABOS,"54",CABO SAN LUCAS,CALLE SIERRA GRANDE,"0","23477","13","10","23","0","1","1","1","1",-109.931338,22.909485,
-109.931338,22.909485,"102","1305","4",DISCONTINUO,CENTRO DE ATENCI?N INFANTIL 4 ROSAURA ZAPATA CANO,INICIAL,INICIAL,"4000",LACTANTE Y MATERNAL,P?BLICO,FEDERAL TRANSFERIDO,"3",BAJA CALIFORNIA SUR,"8",LOS CABOS,"54",CABO SAN LUCAS,CALLE SIERRA GRANDE,"0","23477","36","36","72","0","8","8","8","8",-109.931338,22.909485,
-109.704853,23.071225,"103","1309","4",DISCONTINUO,MODULO 3 LA RIBERA,INICIAL,INICIAL,"4000",INICIAL NO ESCOLARIZADA,P?BLICO,FEDERAL TRANSFERIDO,"3",BAJA CALIFORNIA SUR,"8",LOS CABOS,"1",SAN JOS DEL CABO,CALLE BAH?A CONCEPCI?N,"0","23407","35","29","64","0","8","8","0","0",-109.704853,23.071225,
-109.933112,22.892438,"104","1365","2",VESPERTINO,CENTRO DE ATENCION MULTIPLE PROF. JUAN PEDRIN CASTILLO,ESPECIAL,CAM,"2000",U.S.A.E.R.,P?BLICO,FEDERAL TRANSFERIDO,"3",BAJA CALIFORNIA SUR,"8",LOS CABOS,"54",CABO SAN LUCAS,CALLE TEOTIHUACANOS,"0","23470","72","52","124","2","11","13","0","10",-109.933112,22.892438,./1.png
-110.312374,24.113887,"105","1377","1",MATUTINO,CENTRO DE ATENCION MULTIPLE NUM. 9,ESPECIAL,CAM,"2000",U.S.A.E.R.,P?BLICO,FEDERAL TRANSFERIDO,"3",BAJA CALIFORNIA SUR,"3",LA PAZ,"1",LA PAZ,CALLE CONSTITUYENTES DE 1975,"0","0","28","17","45","1","11","12","0","0",-110.312374,24.113887,./1.png
-111.681029,25.048611,"106","1378","4",DISCONTINUO,MODULO 2 COMOND? PAC?FICO,INICIAL,INICIAL,"4000",INICIAL NO ESCOLARIZADA,P?BLICO,FEDERAL TRANSFERIDO,"3",BAJA CALIFORNIA SUR,"1",COMOND?,"1",CIUDAD CONSTITUCI?N,CALLE CARRETERA FEDERAL BENITO JUAREZ KM 212.5 TRAMO LA PAZ-CD INSURGENTES,"0","23620","48","52","100","0","11","11","0","0",-111.681029,25.048611,
-110.320213,24.134651,"107","1394","1",MATUTINO,CENTRO DE ATENCION MULTIPLE SRA. LUZ DAVIS DE MENDOZA,ESPECIAL,CAM,"2000",U.S.A.E.R.,P?BLICO,FEDERAL TRANSFERIDO,"3",BAJA CALIFORNIA SUR,"3",LA PAZ,"1",LA PAZ,CALLE COLIMA,"0","23079","49","31","80","2","12","14","10","10",-110.320213,24.134651,./1.png
-110.423913,23.660052,"108","1419","1",MATUTINO,INICIAL PARA NI¥OS MIGRANTES 3,INICIAL,INICIAL,"4000",LACTANTE Y MATERNAL,P?BLICO,FEDERAL TRANSFERIDO,"3",BAJA CALIFORNIA SUR,"3",LA PAZ,"944",MELIT?N ALB?¥EZ DOM?NGUEZ,CALLE AGRICOLA SAN ENRIQUE,"0","23175","0","0","0","0","0","0","0","0",-110.423913,23.660052,
-112.268181,27.339036,"109","1421","4",DISCONTINUO,MODULO 2 GUERRERO NEGRO PAC?FICO,INICIAL,INICIAL,"4000",INICIAL NO ESCOLARIZADA,P?BLICO,FEDERAL TRANSFERIDO,"3",BAJA CALIFORNIA SUR,"2",MULEG,"1",SANTA ROSAL?A,CALLE JEAN MICHELLE COSTEAU,"0","23920","40","43","83","0","10","10","0","0",-112.268181,27.339036,
-110.309325,24.143614,"110","1422","4",DISCONTINUO,ESCUELA JUDICIAL DEL HONORABLE TRIBUNAL SUPERIOR DE JUSTICIA DE B.C.S.,CAPACITACI?N,FORMACI?N PARA EL TRABAJO,"2000",FORMACI?N PARA EL TRABAJO,P?BLICO,ESTATAL,"3",BAJA CALIFORNIA SUR,"3",LA PAZ,"1",LA PAZ,BOULEVARD GENERAL AGUST?N OLACHEA AVILS,"1445","23040","0","0","0","0","0","0","0","0",-110.309325,24.143614,./0.png
-110.328171,24.133526,"111","1450","4",DISCONTINUO,VISITAS A LOS HOGARES 03,INICIAL,INICIAL,"4000",INICIAL NO ESCOLARIZADA,P?BLICO,FEDERAL TRANSFERIDO,"3",BAJA CALIFORNIA SUR,"3",LA PAZ,"1",LA PAZ,BOULEVARD LUIS DONALDO COLOSIO MURRIETA,"0","23099","4","5","9","0","1","1","0","0",-110.328171,24.133526,
-110.320213,24.134651,"112","1488","4",DISCONTINUO,CENTRO DE ATENCION MULTIPLE NUM. 13,ESPECIAL,CAM,"2000",CAM,P?BLICO,FEDERAL TRANSFERIDO,"3",BAJA CALIFORNIA SUR,"3",LA PAZ,"1",LA PAZ,CALLE COLIMA,"0","23079","0","0","0","0","0","0","0","0",-110.320213,24.134651,./1.png
-111.651325,25.037464,"113","1489","4",DISCONTINUO,CENTRO DE ATENCION MULTIPLE JEAN PIAGET,ESPECIAL,CAM,"2000",CAM,P?BLICO,FEDERAL TRANSFERIDO,"3",BAJA CALIFORNIA SUR,"1",COMOND?,"1",CIUDAD CONSTITUCI?N,CALLE FRANCISCO I. MADERO,"500","23670","0","0","0","0","0","0","0","0",-111.651325,25.037464,./1.png
-114.058762,27.958176,"114","1490","1",MATUTINO,EXTENSI?N ADMINISTRATIVA DE CENTROS DE ATENCI?N INFANTIL,INICIAL,INICIAL,"4000",LACTANTE Y MATERNAL,P?BLICO,FEDERAL TRANSFERIDO,"3",BAJA CALIFORNIA SUR,"2",MULEG,"66",GUERRERO NEGRO,CALLE ?LVARO OBREG?N,"571","23940","0","0","0","0","0","0","0","0",-114.058762,27.958176,
-111.355579,26.006808,"115","1493","4",DISCONTINUO,CENTRO DE ATENCION MULTIPLE MERCEDES DAVIS PERPULI,ESPECIAL,CAM,"2000",CAM,P?BLICO,FEDERAL TRANSFERIDO,"3",BAJA CALIFORNIA SUR,"9",LORETO,"1",LORETO,CALLE LAIMONES,"0","23880","0","0","0","0","0","0","0","0",-111.355579,26.006808,./1.png
